Datetime,Water Level (m)
2025-06-24 06:00:00,0.9219147
2025-06-24 07:00:00,0.2553552
2025-06-24 08:00:00,-0.3592527
2025-06-24 09:00:00,-0.7925678
2025-06-24 10:00:00,-0.95971763
2025-06-24 11:00:00,-0.6171608
2025-06-24 12:00:00,0.025074689
2025-06-24 13:00:00,0.6349147
2025-06-24 14:00:00,1.1237317
2025-06-24 15:00:00,1.394929
2025-06-24 16:00:00,1.3988006
2025-06-24 17:00:00,1.1273265
2025-06-24 18:00:00,0.6195969
2025-06-24 19:00:00,-0.042029694
2025-06-24 20:00:00,-0.61369216
2025-06-24 21:00:00,-0.9994595
2025-06-24 22:00:00,-1.0672128
2025-06-24 23:00:00,-0.6105988
2025-06-25 00:00:00,0.079270564
2025-06-25 01:00:00,0.7935152
2025-06-25 02:00:00,1.4559798
2025-06-25 03:00:00,1.9516773
2025-06-25 04:00:00,2.1809382
2025-06-25 05:00:00,2.0462778
2025-06-25 06:00:00,1.5427196
2025-06-25 07:00:00,0.8031877
2025-06-25 08:00:00,0.04275069
2025-06-25 09:00:00,-0.5608053
2025-06-25 10:00:00,-0.94717443
2025-06-25 11:00:00,-1.0150195
2025-06-25 12:00:00,-0.5301238
2025-06-25 13:00:00,0.13442215
2025-06-25 14:00:00,0.7399792
2025-06-25 15:00:00,1.214581
2025-06-25 16:00:00,1.4671417
2025-06-25 17:00:00,1.4451318
2025-06-25 18:00:00,1.1214458
2025-06-25 19:00:00,0.5727276
2025-06-25 20:00:00,-0.11087458
2025-06-25 21:00:00,-0.6897448
2025-06-25 22:00:00,-1.0588882
2025-06-25 23:00:00,-1.0753968
2025-06-26 00:00:00,-0.517583
2025-06-26 01:00:00,0.20399882
2025-06-26 02:00:00,0.9284607
2025-06-26 03:00:00,1.57805
2025-06-26 04:00:00,2.0474818
2025-06-26 05:00:00,2.1938872
2025-06-26 06:00:00,1.9386014
2025-06-26 07:00:00,1.3229892
2025-06-26 08:00:00,0.5392714
2025-06-26 09:00:00,-0.18318531
2025-06-26 10:00:00,-0.74212414
2025-06-26 11:00:00,-1.075894
2025-06-26 12:00:00,-1.0436456
2025-06-26 13:00:00,-0.43881598
2025-06-26 14:00:00,0.21678872
2025-06-26 15:00:00,0.82602566
2025-06-26 16:00:00,1.2816747
2025-06-26 17:00:00,1.4896314
2025-06-26 18:00:00,1.3944879
2025-06-26 19:00:00,1.0079811
2025-06-26 20:00:00,0.41241908
2025-06-26 21:00:00,-0.27324337
2025-06-26 22:00:00,-0.8133434
2025-06-26 23:00:00,-1.1265799
2025-06-27 00:00:00,-1.0436559
2025-06-27 01:00:00,-0.40588713
2025-06-27 02:00:00,0.33331817
2025-06-27 03:00:00,1.0740186
2025-06-27 04:00:00,1.686181
2025-06-27 05:00:00,2.0443301
2025-06-27 06:00:00,2.062458
2025-06-27 07:00:00,1.7187979
2025-06-27 08:00:00,1.1058221
2025-06-27 09:00:00,0.3285795
2025-06-27 10:00:00,-0.3573406
2025-06-27 11:00:00,-0.8567537
2025-06-27 12:00:00,-1.1205789
2025-06-27 13:00:00,-0.9251223
2025-06-27 14:00:00,-0.24641906
2025-06-27 15:00:00,0.40172377
2025-06-27 16:00:00,0.9746507
2025-06-27 17:00:00,1.3539671
2025-06-27 18:00:00,1.4889461
2025-06-27 19:00:00,1.3244625
2025-06-27 20:00:00,0.8953672
2025-06-27 21:00:00,0.27115956
2025-06-27 22:00:00,-0.36076412
2025-06-27 23:00:00,-0.82341796
2025-06-28 00:00:00,-1.0473453
2025-06-28 01:00:00,-0.81500906
2025-06-28 02:00:00,-0.15165919
2025-06-28 03:00:00,0.581851
2025-06-28 04:00:00,1.2902182
2025-06-28 05:00:00,1.8201379
2025-06-28 06:00:00,2.069408
2025-06-28 07:00:00,1.9705971
2025-06-28 08:00:00,1.541685
2025-06-28 09:00:00,0.8915244
2025-06-28 10:00:00,0.14938162
2025-06-28 11:00:00,-0.47468057
2025-06-28 12:00:00,-0.90155953
2025-06-28 13:00:00,-1.065556
2025-06-28 14:00:00,-0.70721394
2025-06-28 15:00:00,-0.04833081
2025-06-28 16:00:00,0.5627085
2025-06-28 17:00:00,1.0728136
2025-06-28 18:00:00,1.3759525
2025-06-28 19:00:00,1.4252388
2025-06-28 20:00:00,1.1977012
2025-06-28 21:00:00,0.75848264
2025-06-28 22:00:00,0.1685337
2025-06-28 23:00:00,-0.37810788
2025-06-29 00:00:00,-0.7748995
2025-06-29 01:00:00,-0.8936151
2025-06-29 02:00:00,-0.53502345
2025-06-29 03:00:00,0.119916975
2025-06-29 04:00:00,0.7956707
2025-06-29 05:00:00,1.3813179
2025-06-29 06:00:00,1.7752447
2025-06-29 07:00:00,1.8904874
2025-06-29 08:00:00,1.7112563
2025-06-29 09:00:00,1.2422273
2025-06-29 10:00:00,0.585583
2025-06-29 11:00:00,-0.06955144
2025-06-29 12:00:00,-0.59469324
2025-06-29 13:00:00,-0.92429537
2025-06-29 14:00:00,-0.9367047
2025-06-29 15:00:00,-0.4570149
2025-06-29 16:00:00,0.1429679
2025-06-29 17:00:00,0.7101763
2025-06-29 18:00:00,1.1575698
2025-06-29 19:00:00,1.3889307
2025-06-29 20:00:00,1.3574066
2025-06-29 21:00:00,1.0844215
2025-06-29 22:00:00,0.6277439
2025-06-29 23:00:00,0.073906906
2025-06-30 00:00:00,-0.39335057
2025-06-30 01:00:00,-0.6947203
2025-06-30 02:00:00,-0.6937582
2025-06-30 03:00:00,-0.27765557
2025-06-30 04:00:00,0.31669527
2025-06-30 05:00:00,0.92388743
2025-06-30 06:00:00,1.4055645
